Comparison,PCA_Num,PCA Stage,Model,Accuracy_Mean,Accuracy_Std,Accuracy_95CI_Low,Accuracy_95CI_High,AUC_Mean,AUC_Std,AUC_95CI_Low,AUC_95CI_High,Sensitivity_Mean,Sensitivity_Std,Sensitivity_95CI_Low,Sensitivity_95CI_High,Specificity_Mean,Specificity_Std,Specificity_95CI_Low,Specificity_95CI_High,F1-score_Mean,F1-score_Std,F1-score_95CI_Low,F1-score_95CI_High,Mean_TP,Mean_TN,Mean_FP,Mean_FN
NC vs MCI,50,Before Scaling,LR (L1),0.6963855421686747,0.0396402021117159,0.6471657303250361,0.7456053540123132,0.7556797289391316,0.0420304802991834,0.7034919947244229,0.8078674631538403,0.6776659770102393,0.0597770513435135,0.6034429644382205,0.7518889895822581,0.713571567927467,0.0756476401231755,0.6196426166374452,0.8075005192174888,0.6356939009355649,0.0470244879312686,0.5773052872373411,0.6940825146337887,44.0,71.6,29.2,21.2
NC vs MCI,50,Before Scaling,LR (L2),0.7096385542168674,0.0379565879566828,0.6625092254563997,0.7567678829773351,0.7527989780536979,0.0396695360420028,0.7035427433248962,0.8020552127824996,0.6798332996693652,0.0411557441393038,0.628731693852306,0.7309349054864245,0.7329461581727513,0.0712605365524123,0.6444645154429374,0.8214278009025653,0.6470109661161453,0.0432541912549163,0.5933037940634954,0.7007181381687951,44.2,73.6,27.2,21.0
NC vs MCI,50,Before Scaling,LR (ElasticNet),0.6951807228915663,0.0372813215584718,0.6488898481069539,0.7414715976761787,0.7556452357691594,0.0407452109094696,0.7050533742836516,0.8062370972546673,0.643194037292398,0.0518803744032748,0.5787760441825194,0.7076120304022766,0.7332054758638694,0.0733633400810776,0.6421128576972159,0.8242980940305229,0.6226686396404887,0.0451719575005268,0.566580246283694,0.6787570329972834,41.8,73.6,27.2,23.4
NC vs MCI,50,Before Scaling,SVM (Linear),0.7132530120481928,0.035022751454816,0.6697665224487092,0.7567395016476764,0.7569661175110729,0.0317371815407123,0.7175592017875132,0.7963730332346326,0.6438379289198961,0.0721375652002284,0.5542673112926956,0.7334085465470966,0.7640686157439566,0.0617758391796078,0.6873637802758118,0.8407734512121013,0.6368155244989033,0.0331241358409314,0.5956864775536077,0.677944571444199,41.6,76.8,24.0,23.6
NC vs MCI,50,Before Scaling,SVM (RBF),0.7084337349397589,0.029695801310521,0.6715615275546727,0.7453059423248451,0.7548569401144121,0.035358950499467,0.7109530042649548,0.7987608759638694,0.6449320442763066,0.0586015654516009,0.572168590216672,0.7176954983359412,0.7544133682209315,0.0662403179489688,0.6721651501941261,0.8366615862477369,0.6335140886350394,0.0296628342950529,0.5966828152061882,0.6703453620638907,41.8,75.8,25.0,23.4
NC vs MCI,50,Before Scaling,SVM (Poly d2),0.6277108433734939,0.0386670037009185,0.5796994169596515,0.6757222697873363,0.6499991343784742,0.0598175528115093,0.5757258325917706,0.7242724361651779,0.4776876493269936,0.0704919660582249,0.3901603129098938,0.5652149857440933,0.7260690428786327,0.0331600583633272,0.6848953922305536,0.7672426935267118,0.4999517373256113,0.0504767008813787,0.437276635093103,0.5626268395581197,31.0,73.2,27.6,34.2
NC vs MCI,50,Before Scaling,SVM (Sigmoid),0.7325301204819278,0.0342368005744164,0.6900195177949928,0.7750407231688627,0.7518304016501356,0.0417448987134124,0.6999972638090286,0.8036635394912426,0.6124674960740534,0.0554974439117636,0.5435583179764837,0.6813766741716231,0.812617287451505,0.0417484348348929,0.7607797589356624,0.8644548159673475,0.6415460420948087,0.0444837820232266,0.5863121314526243,0.6967799527369931,39.8,81.8,19.0,25.4
NC vs MCI,50,After Scaling,LR (L1),0.7048192771084338,0.0358926966500391,0.6602526078796314,0.7493859463372363,0.7723270337378367,0.0335760262577657,0.7306368907308247,0.8140171767448487,0.7036177301751072,0.0638349698500723,0.6243561462858495,0.782879314064365,0.7114547681512564,0.0720901320334137,0.6219430465796104,0.8009664897229024,0.6507386164613741,0.0379687298361067,0.6035942115663552,0.697883021356393,45.6,71.4,29.4,19.6
NC vs MCI,50,After Scaling,LR (L2),0.7012048192771084,0.0526204043419818,0.6358679576347445,0.7665416809194724,0.7584536922567121,0.0308895066006365,0.7200993039884241,0.7968080805250001,0.6682906528808168,0.0385700807393671,0.6203995722189322,0.7161817335427014,0.7254944874567828,0.0744395450728932,0.6330655842971047,0.8179233906164609,0.6365724634970511,0.0666597369622789,0.5538034679812565,0.7193414590128457,43.6,72.8,28.0,21.6
NC vs MCI,50,After Scaling,LR (ElasticNet),0.7060240963855422,0.0457593470236938,0.6492063626049089,0.7628418301661755,0.7704311647379674,0.0328594165296819,0.7296308102310796,0.8112315192448551,0.6730218233496922,0.0598210266302246,0.5987442082473534,0.747299438452031,0.7334160489563852,0.0843726916787549,0.6286535152673287,0.8381785826454418,0.642161433337904,0.0444179900938617,0.5870092141657842,0.6973136525100238,43.6,73.6,27.2,21.6
NC vs MCI,50,After Scaling,SVM (Linear),0.7108433734939759,0.0452810131878702,0.6546195696164074,0.7670671773715443,0.7685765599379215,0.0240563577474045,0.7387066465950589,0.7984464732807841,0.6387313233214872,0.0335234368516434,0.5971064786867442,0.6803561679562302,0.7606909502858229,0.0706948067301078,0.6729117539090747,0.8484701466625711,0.6338746991415374,0.0553087214411566,0.5651998509413725,0.7025495473417023,41.6,76.4,24.4,23.6
NC vs MCI,50,After Scaling,SVM (RBF),0.7096385542168674,0.0328299435986475,0.6688747951873666,0.7504023132463682,0.7725673051734192,0.0270037592061676,0.7390377095509574,0.806096900795881,0.6514971913332569,0.026432827612968,0.618676500915508,0.6843178817510058,0.7509005657853219,0.0629540184228835,0.6727328275673707,0.8290683040032731,0.6371252040882223,0.0427901776620701,0.5839941810084868,0.6902562271679578,42.4,75.4,25.4,22.8
NC vs MCI,50,After Scaling,SVM (Poly d2),0.6445783132530121,0.0602409638554216,0.5697792772166406,0.7193773492893836,0.6655941582265823,0.0525986957248612,0.6002842513925477,0.7309040650606169,0.4675907334923728,0.0848865439314964,0.3621901679606913,0.5729912990240544,0.7611667957125612,0.0339781741019075,0.718977320205523,0.8033562712195994,0.5066297643282478,0.0731339926290271,0.4158219186358852,0.5974376100206105,30.2,76.8,24.0,35.0
NC vs MCI,50,After Scaling,SVM (Sigmoid),0.7048192771084338,0.0446758945005762,0.6493468273195186,0.760291726897349,0.763445407997118,0.0230017249020192,0.7348849942896937,0.7920058217045424,0.6566919965280621,0.0252405369544038,0.6253517304964471,0.6880322625596771,0.737254370542535,0.0614991444781125,0.6608930969237305,0.8136156441613394,0.6357667112337742,0.0487685380516739,0.5752125732899801,0.6963208491775682,42.8,74.2,26.6,22.4
NC vs AD,50,Before Scaling,LR (L1),0.811158591955558,0.0320157420784389,0.7714057976409829,0.850911386270133,0.8669239850007923,0.0314070249984627,0.8279270127695154,0.9059209572320692,0.7762105780398463,0.0339527508266139,0.7340526696984566,0.8183684863812359,0.8470514511790282,0.0502236848328939,0.7846905098648912,0.9094123924931652,0.7970998780912575,0.0335926889987478,0.7553890455586565,0.8388107106238585,72.0,85.2,15.6,21.0
NC vs AD,50,Before Scaling,LR (L2),0.8008012392500401,0.0304080388420976,0.7630446721638257,0.8385578063362545,0.8596339450810918,0.0252723883889943,0.8282541302698546,0.891013759892329,0.7710488698293576,0.0423258489441394,0.7184943870020088,0.8236033526567064,0.8333076542198938,0.0634156167811591,0.754566765938842,0.9120485425009456,0.7875133675722777,0.026546592575117,0.7545514192967714,0.8204753158477841,71.4,83.8,17.0,21.6
NC vs AD,50,Before Scaling,LR (ElasticNet),0.8101062977405054,0.0317024507029734,0.7707425060477935,0.8494700894332172,0.8635163106952259,0.0302310259676702,0.8259795341224067,0.9010530872680452,0.7809389797194676,0.0349352377314204,0.7375611527596729,0.8243168066792622,0.8407463860818284,0.0542483350353238,0.7733881815059708,0.908104590657686,0.797454448385996,0.0303807430210262,0.7597317735381074,0.8351771232338846,72.4,84.6,16.2,20.6
NC vs AD,50,Before Scaling,SVM (Linear),0.8059345120452968,0.0429590301756982,0.7525938308783829,0.8592751932122106,0.858536318921745,0.0238993374352422,0.8288613720474811,0.8882112657960088,0.7633654962923255,0.0350055806198758,0.7199003271004062,0.8068306654842449,0.8464764960927826,0.0807604121048596,0.7461991999020787,0.9467537922834866,0.7911885578652023,0.0358507424078533,0.7466739817084938,0.8357031340219108,70.8,85.4,15.4,22.2
NC vs AD,50,Before Scaling,SVM (RBF),0.8431280380321564,0.0293579851287168,0.8066752848380271,0.8795807912262857,0.8923703630490103,0.0278455706811934,0.8577955204247341,0.9269452056732864,0.8096846243187708,0.0459619482869874,0.7526153278435151,0.8667539207940264,0.8780579797098287,0.0406863554808843,0.8275391968910941,0.9285767625285632,0.831735919549873,0.0273306115993485,0.7978004830780716,0.8656713560216744,75.0,88.4,12.4,18.0
NC vs AD,50,Before Scaling,SVM (Poly d2),0.5489503765824475,0.0518337201759155,0.4845903123470449,0.61331044081785,0.746928882849274,0.0420861437800947,0.6946720332943029,0.799185732404245,0.0736420083981059,0.0239602016641969,0.0438914886019706,0.1033925281942412,0.9887193362193362,0.0149099241346446,0.9702062202053984,1.0072324522332738,0.1345947191210348,0.0414418235604421,0.0831378987861213,0.1860515394559484,6.8,99.6,1.2,86.2
NC vs AD,50,Before Scaling,SVM (Sigmoid),0.7997703114149886,0.0326731769572483,0.7592012038802325,0.8403394189497446,0.8592630206387433,0.0225697795962041,0.8312389378667426,0.8872871034107439,0.7454413472706156,0.0455576060485129,0.6888741079958269,0.8020085865454043,0.8546283436997409,0.0649337378804642,0.7740024591047684,0.9352542282947136,0.7812781663297875,0.0260787974392006,0.7488970624330835,0.8136592702264915,69.0,86.0,14.8,24.0
NC vs AD,50,After Scaling,LR (L1),0.7946477218097323,0.0293583544433639,0.7581945100509017,0.831100933568563,0.8657325394638751,0.029604756023433,0.8289733797339722,0.902491699193778,0.7760363620119717,0.023720318434944,0.7465836965853725,0.8054890274385709,0.813312480490674,0.0413671089665129,0.7619484305771826,0.8646765304041653,0.7822591606875196,0.0404492479207961,0.7320347857898484,0.8324835355851907,72.2,81.8,19.0,20.8
NC vs AD,50,After Scaling,LR (L2),0.7925538165696278,0.0224814639355646,0.7646393921739207,0.8204682409653348,0.8616714856467768,0.0250329126679158,0.8305890192168467,0.8927539520767068,0.76839319217368,0.0356389657853858,0.7241415714247506,0.8126448129226094,0.8204892832704548,0.062843351563493,0.7424589561076032,0.8985196104333064,0.7795634021914963,0.0231918107760953,0.7507669656976647,0.808359838685328,71.2,82.4,18.4,21.8
NC vs AD,50,After Scaling,LR (ElasticNet),0.7946423802147322,0.0265504206509995,0.7616756787552202,0.8276090816742442,0.8643409363658195,0.0291735620447743,0.8281171746754594,0.9005646980561797,0.7744706512999195,0.0471792969425694,0.715889816825766,0.8330514857740731,0.8190015136797072,0.057416799868551,0.7477091403908566,0.8902938869685578,0.782029479182904,0.0338673924573807,0.7399775572555365,0.8240814011102715,71.8,82.2,18.6,21.2
NC vs AD,50,After Scaling,SVM (Linear),0.8007852144650393,0.0307957776303623,0.7625472060847294,0.8390232228453491,0.8632731402097262,0.0277819124833784,0.8287773396778675,0.897768940741585,0.7535669614937908,0.0373818651764271,0.7071512453185141,0.7999826776690674,0.8488695491749926,0.0590747799895464,0.7755185216601646,0.9222205766898206,0.7836579389429977,0.0269993521864575,0.7501338153582493,0.8171820625277462,69.8,85.4,15.4,23.2
NC vs AD,50,After Scaling,SVM (RBF),0.8255969232412799,0.0394716989961193,0.7765863356498627,0.874607510832697,0.8900415625347146,0.0246436472280878,0.8594424329871638,0.9206406920822652,0.7807893326186008,0.0445024356426084,0.7255322604487938,0.8360464047884079,0.8728608208028957,0.0661782588062807,0.7906896593793256,0.955031982226466,0.8101916517513608,0.0453314153539008,0.7539052653188006,0.8664780381839209,72.4,87.6,13.2,20.6
NC vs AD,50,After Scaling,SVM (Poly d2),0.5510068906575503,0.0562819527874712,0.4811236161327431,0.6208901651823574,0.7523146221621766,0.0309417810452963,0.7138953265979284,0.7907339177264248,0.0696707763780934,0.0293770789897048,0.0331943150241887,0.1061472377319982,0.9963961038961038,0.0049351717350029,0.9902682788277978,1.0025239289644097,0.1285788565955499,0.0515436093180912,0.0645790125677957,0.192578700623304,6.4,100.4,0.4,86.6
NC vs AD,50,After Scaling,SVM (Sigmoid),0.7894343250894718,0.0307588629823656,0.7512421522985858,0.8276264978803577,0.8639058867785584,0.0198795335524288,0.8392221856654236,0.8885895878916932,0.7422362190654874,0.0515594660126108,0.6782166863510178,0.806255751779957,0.8406754303778957,0.0686316027965154,0.7554580400464415,0.92589282070935,0.7713312623879347,0.0250840425803791,0.7401853097864676,0.8024772149894018,68.6,84.4,16.4,24.4
MCI vs AD,50,Before Scaling,LR (L1),0.69913223469469,0.0244654591790493,0.6687543548325405,0.7295101145568395,0.7697049442700747,0.0338368638982741,0.727690928555467,0.8117189599846825,0.6948293916228698,0.0692264965151507,0.6088733431782287,0.7807854400675109,0.7056069386509216,0.07782567796948,0.6089735961804182,0.802240281121425,0.729684611200318,0.0295613620789133,0.6929793321690653,0.7663898902315708,64.6,46.0,19.2,28.4
MCI vs AD,50,Before Scaling,LR (L2),0.690287397500199,0.0241261518559955,0.6603308233254123,0.7202439716749857,0.7724350865861475,0.0317270329746789,0.7330407719716648,0.8118294012006301,0.6793470961405744,0.0683655396963413,0.594460066781857,0.7642341254992918,0.7056581419279315,0.0824073776653152,0.6033358678945284,0.8079804159613346,0.7192469799703842,0.0329431242919926,0.6783426885486651,0.7601512713921034,63.2,46.0,19.2,29.8
MCI vs AD,50,Before Scaling,LR (ElasticNet),0.7003980574795001,0.0183554917493434,0.677606704205014,0.7231894107539862,0.7719719254370376,0.0287772347775848,0.7362402690458532,0.8077035818282221,0.703386154907894,0.0695976905872403,0.6169692081475925,0.7898031016681956,0.6964608559754273,0.0764581494834252,0.6015255243925763,0.7913961875582782,0.7327977130742894,0.0274417848087214,0.698724236830845,0.7668711893177339,65.4,45.4,19.8,27.6
MCI vs AD,50,Before Scaling,SVM (Linear),0.6940689435554495,0.0155909668571701,0.6747102013117132,0.7134276857991857,0.766697400810551,0.0309271557718341,0.7282962649218248,0.8050985366992773,0.6794447762382545,0.0391412594991424,0.630844483473818,0.728045069002691,0.7144178623872186,0.0661245659907473,0.6323133693996584,0.7965223553747788,0.7227340715987705,0.015703838667634,0.703235180491569,0.7422329627059719,63.2,46.6,18.6,29.8
MCI vs AD,50,Before Scaling,SVM (RBF),0.7130483241780113,0.0281373624368769,0.6781111742357303,0.7479854741202924,0.7862473573866421,0.0353383695755334,0.7423689761294828,0.8301257386438013,0.703653182566226,0.0341279711833269,0.6612777094161534,0.7460286557162986,0.7268349799177634,0.0724632430868008,0.6368599797837948,0.8168099800517319,0.7425889846290714,0.0202549611365048,0.7174391286008569,0.7677388406572859,65.4,47.4,17.8,27.6
MCI vs AD,50,Before Scaling,SVM (Poly d2),0.4855266300453785,0.0934332680366616,0.369513904889733,0.601539355201024,0.5783544553423392,0.0914992731129002,0.464743102056237,0.6919658086284414,0.1877160641291076,0.2735324988103854,-0.1519193919824625,0.5273515202406778,0.9117262349710168,0.1627906541724987,0.7095949404409853,1.1138575295010482,0.2355548267198637,0.2611880751903802,-0.0887530030041696,0.5598626564438972,17.4,59.4,5.8,75.6
MCI vs AD,50,Before Scaling,SVM (Sigmoid),0.6940609824058595,0.0262689045558336,0.6614438293466299,0.726678135465089,0.7705617450516684,0.0301668033546685,0.7331047113852839,0.8080187787180529,0.7028854780485215,0.0621054197252286,0.625771414282371,0.779999541814672,0.6812129295773692,0.1115840537931497,0.5426630272087828,0.8197628319459557,0.7291004929930563,0.0257733676919868,0.6970986302174482,0.7611023557686645,65.4,44.4,20.8,27.6
MCI vs AD,50,After Scaling,LR (L1),0.70043786322745,0.0395301000472971,0.6513547611533282,0.7495209653015719,0.7850467741113663,0.0296952270226227,0.7481752797988879,0.8219182684238446,0.686274220948134,0.0420579096197065,0.6340524287336364,0.7384960131626315,0.7208708055376043,0.0832295851220681,0.6175276261060965,0.8242139849691121,0.7292740246288947,0.03288915323076,0.6884367471308528,0.7701113021269366,63.8,47.0,18.2,29.2
MCI vs AD,50,After Scaling,LR (L2),0.6928429265185894,0.0336200558416942,0.6510981135623574,0.7345877394748214,0.7733705496154842,0.031840735928693,0.733835054136513,0.8129060450944555,0.6975659606094389,0.0475975956329985,0.6384657397108837,0.756666181507994,0.6874943566665224,0.0765361036934688,0.5924622321475518,0.782526481185493,0.7273786088956398,0.027609048814947,0.6930974469574697,0.7616597708338099,64.8,44.8,20.4,28.2
MCI vs AD,50,After Scaling,LR (ElasticNet),0.6953506886394395,0.0265521287059828,0.6623818663495478,0.7283195109293312,0.7844326389962003,0.0297330703642707,0.747514155968826,0.8213511220235746,0.7077954292084726,0.0388790471759555,0.6595207160456228,0.7560701423713224,0.6788151273990579,0.0664764342524878,0.5962737322587841,0.7613565225393317,0.7317593431546919,0.0242164626448213,0.701690633324771,0.7618280529846129,65.8,44.2,21.0,27.2
MCI vs AD,50,After Scaling,SVM (Linear),0.6928349653689994,0.0204167518973406,0.667484219577813,0.7181857111601857,0.7724423730472598,0.0384217355710794,0.7247354872401455,0.8201492588543742,0.6931398975420715,0.0397628324171644,0.6437678200630688,0.7425119750210742,0.693306925781649,0.0546683927277468,0.6254271506919411,0.7611867008713569,0.7260511415516673,0.0160246591805565,0.7061538991636848,0.7459483839396498,64.4,45.2,20.0,28.6
MCI vs AD,50,After Scaling,SVM (RBF),0.7270042194092825,0.0450163712181621,0.6711090119379144,0.7828994268806506,0.7928242870557657,0.0424819011381644,0.7400760398372552,0.8455725342742761,0.7195705260922652,0.0571212254536691,0.6486451569131636,0.7904958952713669,0.7390120399423976,0.0706511365207144,0.6512870672924472,0.826737012592348,0.7559111789544539,0.037948460266749,0.7087919420539656,0.8030304158549423,66.8,48.2,17.0,26.2
MCI vs AD,50,After Scaling,SVM (Poly d2),0.489316137250219,0.0849063536626369,0.3838909746885662,0.5947412998118717,0.5722447812625084,0.1392798064751714,0.3993060598855003,0.7451835026395166,0.1685730211817168,0.2037493633843969,-0.0844152279896255,0.4215612703530592,0.9482853747559632,0.0906193547462612,0.835766584427075,1.0608041650848512,0.240594635348393,0.2195497215493227,-0.0320123497150627,0.5132016204118488,15.6,61.8,3.4,77.4
MCI vs AD,50,After Scaling,SVM (Sigmoid),0.6941007881538094,0.027856820636903,0.6595119768645472,0.7286895994430715,0.7698679226344869,0.03439133818332,0.7271654361622079,0.8125704091067659,0.7191955990869034,0.051109361916801,0.6557349444236449,0.782656253750162,0.6598206773700273,0.0761286608739541,0.5652944599313747,0.7543468948086798,0.7340921861236305,0.0218545067761877,0.7069562318611379,0.7612281403861231,66.8,43.0,22.2,26.2
NC vs MCI,75,Before Scaling,LR (L1),0.6903614457831326,0.0305986146968681,0.6523682475191228,0.7283546440471425,0.7440214661553434,0.0359284078256528,0.6994104556454478,0.788632476665239,0.6776960380239068,0.0749860362602565,0.584588576431544,0.7708034996162695,0.7048727894121349,0.0632342337830926,0.6263571178696684,0.7833884609546015,0.6306268774467633,0.0288850592159582,0.594761339332324,0.6664924155612025,43.8,70.8,30.0,21.4
NC vs MCI,75,Before Scaling,LR (L2),0.6783132530120481,0.0314755433195497,0.6392312040482602,0.7173953019758361,0.7417419105051278,0.0328294538783772,0.7009787595436557,0.7825050614665999,0.6666445212346852,0.0608550385931912,0.5910830107042189,0.7422060317651515,0.6906759873551453,0.0570729684555308,0.6198105371532935,0.7615414375569972,0.6181916513219282,0.0334484001692219,0.5766599770342925,0.6597233256095639,43.2,69.4,31.4,22.0
NC vs MCI,75,Before Scaling,LR (ElasticNet),0.6819277108433736,0.0299392135898534,0.6447532671943196,0.7191021544924275,0.7454522356208413,0.0363677166484582,0.7002957511615748,0.7906087200801077,0.6556777102678741,0.0739674669897276,0.5638349694684038,0.7475204510673444,0.7043732775541975,0.0524667584842515,0.6392271924418503,0.7695193626665447,0.6164510025142772,0.0318332895845469,0.5769247528927502,0.6559772521358042,42.4,70.8,30.0,22.8
NC vs MCI,75,Before Scaling,SVM (Linear),0.7048192771084336,0.0175631081170038,0.6830117980629895,0.7266267561538777,0.7446375599948521,0.027190526081336,0.7108760626674366,0.7783990573222677,0.6448227546588202,0.0463351758382824,0.5872900349699839,0.7023554743476565,0.7485422770989782,0.0504446816072119,0.6859069320464515,0.811177622151505,0.6305032884412249,0.0201826428574612,0.6054432274165109,0.655563349465939,41.8,75.2,25.6,23.4
NC vs MCI,75,Before Scaling,SVM (RBF),0.6831325301204819,0.0215524624337329,0.6563716134438766,0.7098934467970872,0.7486659698897684,0.0196776460129121,0.7242329452661376,0.7730989945133993,0.6395238641140281,0.0576348860800275,0.5679607010278824,0.7110870272001737,0.7173480823909929,0.0671252208838836,0.6340011122479989,0.8006950525339869,0.611710012903496,0.0193574916620573,0.5876745124111897,0.6357455133958023,41.4,72.0,28.8,23.8
NC vs MCI,75,Before Scaling,SVM (Poly d2),0.6072289156626506,0.0413869012947413,0.5558402903277574,0.6586175409975438,0.534505340399995,0.1857538869792468,0.3038614264114527,0.7651492543885372,0.003076923076923,0.0068802091615378,-0.0054659849390701,0.0116198310929163,0.998019801980198,0.0044278573811877,0.9925218908807965,1.0035177130795996,0.0059701492537313,0.0133496595671629,-0.0106056424190913,0.022545940926554,0.2,100.6,0.2,65.0
NC vs MCI,75,Before Scaling,SVM (Sigmoid),0.7048192771084338,0.0343426332861186,0.6621772657535461,0.7474612884633216,0.7409419040401948,0.0279961900471933,0.7061800427717242,0.7757037653086654,0.551244875343236,0.1078006004908199,0.4173927507290376,0.6850969999574343,0.8116139232761151,0.0409072465731057,0.7608208679406453,0.862406978611585,0.590165766436953,0.0541409886712342,0.5229408499767234,0.6573906828971825,35.4,81.6,19.2,29.8
NC vs MCI,75,After Scaling,LR (L1),0.6951807228915663,0.0403209651341723,0.6451156321116353,0.7452458136714973,0.7631356729461143,0.0338724197082096,0.7210775088623826,0.8051938370298459,0.7046893907549645,0.0642573520612491,0.6249033500806069,0.7844754314293221,0.6947967471097299,0.0739869076872725,0.6029298674960182,0.7866636267234417,0.6441566833374658,0.0331761475801741,0.6029630552880686,0.685350311386863,45.6,69.8,31.0,19.6
NC vs MCI,75,After Scaling,LR (L2),0.6807228915662651,0.0335407491736748,0.6390765508445303,0.7223692322879999,0.7438157440476434,0.0322321781584176,0.7037942088446465,0.7838372792506403,0.6723438674258346,0.05589481536572,0.6029412874999733,0.7417464473516959,0.6911564829969608,0.0607156255283738,0.6157680766499574,0.7665448893439641,0.6220448690166106,0.0376031775537302,0.5753543572300798,0.6687353808031414,43.6,69.4,31.4,21.6
NC vs MCI,75,After Scaling,LR (ElasticNet),0.689156626506024,0.0503291531908564,0.6266647289288554,0.7516485240831927,0.757528505529247,0.0347963238410822,0.7143231629459358,0.8007338481125582,0.6614317012677668,0.0682772104612375,0.5766543471402665,0.7462090553952672,0.7127953976759275,0.0794837180215433,0.6141033265651973,0.8114874687866577,0.6251285706495414,0.048278704174297,0.5651826417963869,0.6850744995026959,42.8,71.6,29.2,22.4
NC vs MCI,75,After Scaling,SVM (Linear),0.6891566265060242,0.0243212400460076,0.6589578183492247,0.7193554346628236,0.7433032521464993,0.0278667682356177,0.7087020892820444,0.7779044150109542,0.6432423678325317,0.0730274940558966,0.5525667575842853,0.7339179780807782,0.7236544622325102,0.0477884183709841,0.6643173036101596,0.7829916208548607,0.6171553602283826,0.0245385041989635,0.5866867829947576,0.6476239374620075,41.6,72.8,28.0,23.6
NC vs MCI,75,After Scaling,SVM (RBF),0.7036144578313254,0.0253441975517621,0.6721454801679382,0.7350834354947126,0.7539402065682808,0.021272709903219,0.7275266485372209,0.7803537645993406,0.6722739373559046,0.0526915529223063,0.6068487330828283,0.7376991416289809,0.7283964030155516,0.0692082976242878,0.6424629514785022,0.8143298545526011,0.6394531660221527,0.019278612725229,0.6155156066659229,0.6633907253783826,43.6,73.2,27.6,21.6
NC vs MCI,75,After Scaling,SVM (Poly d2),0.5349397590361445,0.0913996581929165,0.4214520940098701,0.6484274240624189,0.465464956046143,0.1956200622381264,0.2225705674386813,0.7083593446536047,0.3666666666666667,0.5055250296034367,-0.2610255627828139,0.9943588961161474,0.675338795335059,0.451818686161124,0.1143317990130651,1.2363457916570528,0.2219229217110573,0.3039654609601649,-0.1555000478605919,0.5993458912827065,22.2,66.6,34.2,43.0
NC vs MCI,75,After Scaling,SVM (Sigmoid),0.6975903614457831,0.0433148867765001,0.6438078259491306,0.7513728969424357,0.7463520493594007,0.0232585696357206,0.717472720793011,0.7752313779257903,0.5535956029398653,0.0907657630438084,0.4408950226988745,0.6662961831808561,0.7970317400206897,0.0445174773017319,0.7417559911642758,0.8523074888771035,0.5870853072145759,0.0526543773317712,0.521706262533879,0.6524643518952727,35.6,80.2,20.6,29.6
NC vs AD,75,Before Scaling,LR (L1),0.8039527803001978,0.0340003410389989,0.7617357809054228,0.8461697796949728,0.8666209536899372,0.0283165519370163,0.8314613105964769,0.9017805967833976,0.7763937282229966,0.0533089650083798,0.7102019055905869,0.8425855508554062,0.8333017524274207,0.0461668356607555,0.7759780546764707,0.8906254501783706,0.79033227036461,0.0380684829950655,0.7430640055634048,0.8376005351658151,72.0,83.8,17.0,21.0
NC vs AD,75,Before Scaling,LR (L2),0.7915228887345761,0.0203589096639466,0.7662439635621707,0.8168018139069815,0.8600318722085891,0.0188265054062807,0.8366556782336217,0.8834080661835565,0.7614669882962566,0.0315850212227436,0.7222490045614739,0.8006849720310393,0.8234589206594769,0.0565157662684226,0.7532853283530777,0.8936325129658761,0.777268958351744,0.0195199408439193,0.7530317505587821,0.8015061661447059,70.6,82.8,18.0,22.4
NC vs AD,75,Before Scaling,LR (ElasticNet),0.7998077025799905,0.0279711348374043,0.7650769514634823,0.8345384536964986,0.8658728857041534,0.025529578553539,0.8341737271249091,0.8975720442833978,0.7741959260251943,0.0491019326885953,0.7132278239635407,0.8351640280868479,0.8266837451483464,0.0491600819429573,0.7656434412510292,0.8877240490456636,0.7866456682446176,0.0302338089824171,0.7491054361025806,0.8241859003866545,71.8,83.2,17.6,21.2
NC vs AD,75,Before Scaling,SVM (Linear),0.7853640296992681,0.034560442663981,0.7424515722814173,0.8282764871171189,0.8548788377113616,0.0232362410243719,0.8260272337778136,0.8837304416449097,0.7491713570981864,0.0291360691504603,0.7129941489848843,0.7853485652114884,0.8229668570887073,0.0787400326557468,0.7251981933226775,0.9207355208547372,0.7690758685272356,0.0403641648199611,0.7189571382527269,0.8191945988017444,69.6,82.6,18.2,23.4
NC vs AD,75,Before Scaling,SVM (RBF),0.8235564339511778,0.0297516208482043,0.7866149174557538,0.8604979504466018,0.8922356367026772,0.025398650231641,0.8606990471070789,0.9237722262982756,0.7959997319753418,0.0632373318406007,0.7174802136864031,0.8745192502642805,0.8516618163904626,0.0522996696786502,0.7867231994325333,0.9166004333483918,0.8099322480324893,0.0434501800172363,0.7559817237896143,0.8638827722753644,74.0,85.6,15.2,19.0
NC vs AD,75,Before Scaling,SVM (Poly d2),0.5458575930772929,0.0563867817139345,0.4758441562485258,0.6158710299060599,0.7312794119911744,0.0286088932897292,0.6957567791648643,0.7668020448174845,0.0609220048244438,0.0325648374255625,0.0204874185857642,0.1013565910631235,0.9941414141414142,0.0084026805426607,0.983708108223185,1.004574720059643,0.1124264113737798,0.0560175320468411,0.0428714585629914,0.1819813641845681,5.6,100.2,0.6,87.4
NC vs AD,75,Before Scaling,SVM (Sigmoid),0.7801880241440093,0.0138737249101361,0.7629615194021104,0.7974145288859082,0.8570445945590652,0.0219288382696871,0.8298163455571618,0.8842728435609687,0.6957004377736086,0.0496044561545966,0.6341083704159687,0.7572925051312485,0.8657375036814876,0.0645383028639426,0.785602616510159,0.9458723908528164,0.7508243335367529,0.0209558724771151,0.7248041811309698,0.7768444859425361,64.4,86.8,14.0,28.6
NC vs AD,75,After Scaling,LR (L1),0.7936221355696811,0.0301155802995541,0.7562287037267101,0.831015567412652,0.8635583121523511,0.0230488705680778,0.8349393593687104,0.8921772649359918,0.7677611006879299,0.0411965061246747,0.7166088821811403,0.8189133191947195,0.8196478593222348,0.0600539593308352,0.7450810200715436,0.894214698572926,0.7794853591940495,0.0400498652350277,0.729756883398803,0.829213834989296,71.4,82.4,18.4,21.6
NC vs AD,75,After Scaling,LR (L2),0.7894663746594734,0.0139652116849497,0.7721262740829767,0.8068064752359702,0.8551996405784618,0.0170783914216453,0.8339940168029727,0.8764052643539508,0.7614334852139729,0.0492233219390525,0.7003146584902578,0.8225523119376881,0.8188160040933576,0.0584360644167439,0.7462580467103705,0.8913739614763447,0.7751797158775501,0.0149431105423238,0.7566253934959674,0.7937340382591328,70.6,82.4,18.4,22.4
NC vs AD,75,After Scaling,LR (ElasticNet),0.7935900859996796,0.0273861705526037,0.7595856639758434,0.8275945080235159,0.8619263548761389,0.0202003737670888,0.8368442780192848,0.8870084317329929,0.7730389529170016,0.040683704195903,0.7225234621033773,0.823554443730626,0.814361588346807,0.0723220850579571,0.7245618590553111,0.904161317638303,0.7814054843607972,0.0299200996692595,0.7442547737788092,0.8185561949427851,71.8,82.0,18.8,21.2
NC vs AD,75,After Scaling,SVM (Linear),0.7863255167993163,0.029871282681095,0.7492354205140329,0.8234156130845997,0.8559850972724595,0.0163243530257003,0.8357157358264786,0.8762544587184404,0.7403377110694185,0.0479831373714088,0.6807587768744744,0.7999166452643626,0.8317741326525553,0.0777815323325852,0.7351956042300619,0.9283526610750488,0.7685192122888738,0.0173254751632166,0.7470067935269342,0.7900316310508133,68.6,83.8,17.0,24.4
NC vs AD,75,After Scaling,SVM (RBF),0.8266331926713317,0.0342591046068401,0.7840948958703216,0.8691714894723419,0.890630755673401,0.017457124205838,0.8689548730348404,0.9123066383119616,0.7950750469043152,0.0721858004874754,0.705444537257497,0.8847055565511334,0.8623268508457229,0.0617448041000949,0.7856605505184908,0.938993151172955,0.8134070205143112,0.0401646792262894,0.763535984319625,0.8632780567089975,73.6,86.6,14.2,19.4
NC vs AD,75,After Scaling,SVM (Poly d2),0.6614603920730731,0.070288521595576,0.5741856653208783,0.7487351188252678,0.740834710657722,0.0460981367123199,0.683596313917759,0.798073107397685,0.513684892343429,0.0979570223185386,0.3920551843592567,0.6353146003276012,0.8051952542142897,0.0352425012287138,0.7614359092319437,0.8489545991966357,0.5905551018926815,0.0734381604493195,0.4993695819684496,0.6817406218169133,47.0,81.2,19.6,46.0
NC vs AD,75,After Scaling,SVM (Sigmoid),0.7946049890497302,0.0248906047345512,0.7636992212573177,0.8255107568421427,0.8589296848824961,0.0171006580425183,0.8376964134455074,0.8801629563194848,0.7348521397301886,0.0504625758934645,0.6721945759866484,0.7975097034737287,0.8546470081135185,0.0421545419855377,0.8023052309693071,0.90698878525773,0.7737758533123653,0.0204569620189171,0.748375180060854,0.7991765265638766,68.0,86.0,14.8,25.0
MCI vs AD,75,Before Scaling,LR (L1),0.6814345991561181,0.0368444075877066,0.635686224719317,0.7271829735929193,0.7531320331272724,0.0087726739949291,0.7422393196597905,0.7640247465947543,0.6585930615278441,0.0503609877690835,0.5960616361009928,0.7211244869546954,0.7144205024476342,0.0647957141489581,0.6339659969509706,0.7948750079442979,0.7081917013976448,0.0327408812023099,0.66753852793927,0.7488448748560195,61.2,46.6,18.6,31.8
MCI vs AD,75,Before Scaling,LR (L2),0.671276172279277,0.0445208330638609,0.6159962566938411,0.726556087864713,0.7552020490567943,0.0179542853663723,0.732908859303893,0.7774952388096956,0.6648078913839784,0.0497174378181619,0.6030755387622323,0.7265402440057246,0.6817210206473566,0.0726031439555087,0.5915723106413959,0.7718697306533173,0.7036383528885247,0.041352648086144,0.6522922585295697,0.7549844472474797,61.8,44.4,20.8,31.2
MCI vs AD,75,Before Scaling,LR (ElasticNet),0.6826765384921583,0.0339368152347656,0.6405384168014566,0.7248146601828599,0.757777743455482,0.0139677842805281,0.7404344485796737,0.7751210383312903,0.6822942214790041,0.0539615698734363,0.6152920828806012,0.749296360077407,0.68470012040065,0.0652930195845935,0.6036281286484467,0.7657721121528532,0.7160227910990902,0.032616311451061,0.6755242914161065,0.7565212907820739,63.4,44.6,20.6,29.6
MCI vs AD,75,Before Scaling,SVM (Linear),0.6864342010986387,0.0340639022496599,0.6441382800369037,0.7287301221603738,0.744515461434171,0.0234352046787441,0.7154168114940379,0.7736141113743041,0.6733641237989065,0.0501801213339271,0.6110572737130724,0.7356709738847407,0.7065086970578488,0.0737148263452457,0.6149796510511146,0.798037743064583,0.7157919254267542,0.0330451419716763,0.6747609623249915,0.7568228885285169,62.6,46.0,19.2,30.4
MCI vs AD,75,Before Scaling,SVM (RBF),0.7218772390733222,0.036288796102362,0.6768187474148621,0.7669357307317823,0.7779583946240941,0.0302062925268634,0.7404523286742763,0.8154644605739119,0.7341121197642938,0.0492057829670333,0.6730150705507004,0.7952091689778872,0.7059780346973413,0.0531173920708116,0.6400240812845402,0.7719319881101424,0.7560020524989306,0.0324516727894714,0.7157079787147551,0.7962961262831061,68.2,46.0,19.2,24.8
MCI vs AD,75,Before Scaling,SVM (Poly d2),0.5903749701456891,0.0135567239397899,0.5735420740960647,0.6072078661953134,0.4381288728159552,0.0951058501311005,0.3200393626896047,0.5562183829423057,0.9871565934065936,0.0141826876882862,0.9695464607062808,1.0047667261069062,0.0243560857908474,0.0289168689115494,-0.0115489492774012,0.0602611208590962,0.7390089715387692,0.0111099355322745,0.7252141645659791,0.7528037785115593,91.8,1.6,63.6,1.2
MCI vs AD,75,Before Scaling,SVM (Sigmoid),0.6851763394634185,0.0308549499331413,0.6468648589650572,0.7234878199617798,0.7621974346570466,0.0171311628880106,0.7409262864516393,0.7834685828624539,0.7142748978075065,0.0462145111394769,0.6568920031310311,0.7716577924839819,0.645079511794797,0.0673059957034283,0.5615080800665926,0.7286509435230013,0.7269391717878498,0.028248926512491,0.6918634967493857,0.7620148468263139,66.4,42.0,23.2,26.6
MCI vs AD,75,After Scaling,LR (L1),0.6991640792930499,0.0284713600062637,0.6638122165933736,0.7345159419927262,0.7801576141005168,0.0362591732669183,0.7351359040503519,0.8251793241506816,0.6783265647396082,0.0614170864147358,0.602067179663861,0.7545859498153553,0.7303434117844041,0.0748798149124014,0.6373678414155137,0.8233189821532945,0.7254225837443172,0.0278768271363604,0.6908089311049487,0.7600362363836858,63.0,47.6,17.6,30.0
MCI vs AD,75,After Scaling,LR (L2),0.6991242735451,0.0257893112898537,0.6671026141780186,0.7311459329121813,0.7766753408074649,0.0338148514155968,0.7346886572001086,0.8186620244148213,0.6783754047884483,0.050497491998003,0.6156744869749451,0.7410763226019514,0.7308654387770194,0.0792038358177475,0.6325208873224802,0.8292099902315585,0.7257814273603747,0.0213536454088953,0.6992673746257402,0.7522954800950091,63.0,47.6,17.6,30.0
MCI vs AD,75,After Scaling,LR (ElasticNet),0.7067510548523206,0.0324098976703317,0.6665088517296016,0.7469932579750396,0.7820703729367937,0.0338054141859607,0.7400954071977194,0.824045338675868,0.7040383288209375,0.0656888255175714,0.6224748790914801,0.7856017785503949,0.7120000431564055,0.0674044454590727,0.6283063699109857,0.7956937164018254,0.7375503145829689,0.0328943029910524,0.6967066428129727,0.7783939863529652,65.4,46.4,18.8,27.6
MCI vs AD,75,After Scaling,SVM (Linear),0.7016638802643103,0.0170763271935801,0.6804608195664938,0.7228669409621267,0.777015312247393,0.0409733466529505,0.7261401828225015,0.8278904416722844,0.6867021686043424,0.0566290160354796,0.6163879581393835,0.7570163790693013,0.7245089273070807,0.066252877406044,0.6422451146545881,0.8067727399595733,0.7294398522377248,0.0206326877146641,0.7038209867162452,0.7550587177592044,63.8,47.2,18.0,29.2
MCI vs AD,75,After Scaling,SVM (RBF),0.7244407292413024,0.0445233794573415,0.6691576518907563,0.7797238065918486,0.7889758443270958,0.0355042713259975,0.7448914688391463,0.8330602198150453,0.7175538833147529,0.0594672255630459,0.6437155702600561,0.7913921963694497,0.7360276008099508,0.0582272103466282,0.6637289700067046,0.8083262316131969,0.7535111099271126,0.0395410326887279,0.7044144331857207,0.8026077866685044,66.6,48.0,17.2,26.4
MCI vs AD,75,After Scaling,SVM (Poly d2),0.5689355942998169,0.027325557303723,0.53500643356493,0.6028647550347037,0.5897351368416057,0.0510312535831767,0.5263714664841682,0.6530988071990432,0.553319796145883,0.0396027317560278,0.5041465098939022,0.6024930823978638,0.5921680932188169,0.0341094671234757,0.549815595893682,0.6345205905439518,0.6009826121282156,0.0285643278853157,0.5655153145601312,0.6364499096963,51.4,38.6,26.6,41.6
MCI vs AD,75,After Scaling,SVM (Sigmoid),0.7079691107395909,0.0237651583288187,0.6784607692310842,0.7374774522480976,0.7747207732973334,0.034966742513984,0.7313038279832582,0.8181377186114085,0.7362734246429898,0.0379556106459589,0.689145309374063,0.7834015399119166,0.6691575984065151,0.0725096447033406,0.5791249830558307,0.7591902137571995,0.7477557857937002,0.015043992607471,0.7290762017837598,0.7664353698036406,68.4,43.6,21.6,24.6
NC vs MCI,100,Before Scaling,LR (L1),0.6795180722891565,0.0398228768217793,0.6300714398346499,0.7289647047436631,0.7368205918992439,0.0340411307476289,0.6945529453917658,0.7790882384067219,0.6879449330269002,0.0670416387222122,0.6047017438449457,0.7711881222088547,0.6784573932161053,0.067592812536477,0.5945298313522256,0.762384955079985,0.6266768032339645,0.0395893046417302,0.5775201889464068,0.6758334175215222,44.6,68.2,32.6,20.6
NC vs MCI,100,Before Scaling,LR (L2),0.6686746987951807,0.0304201955974761,0.6309030371034778,0.7064463604868836,0.7294085620006163,0.0340898803104957,0.6870803849159983,0.7717367390852343,0.6526201667185274,0.0516210548308537,0.5885241613857537,0.7167161720513011,0.6828130799537884,0.0545894167517787,0.6150313664901632,0.7505947934174135,0.6061237327320703,0.0392504952932097,0.5573878058148254,0.6548596596493153,42.4,68.6,32.2,22.8
NC vs MCI,100,Before Scaling,LR (ElasticNet),0.680722891566265,0.040634751696482,0.6302681833087938,0.7311775998237362,0.7342158049541485,0.0340069445208664,0.6919906062536758,0.7764410036546212,0.6390193231176837,0.0751412058133722,0.5457191930775998,0.7323194531577677,0.7117681103565053,0.0641568181021021,0.6321068990798173,0.7914293216331934,0.6098364960019096,0.043346267848233,0.5560149957582612,0.663657996245558,41.4,71.6,29.2,23.8
NC vs MCI,100,Before Scaling,SVM (Linear),0.6759036144578314,0.0302407238506292,0.6383547963728831,0.7134524325427798,0.7288978070831025,0.0248516491919277,0.698040408985496,0.7597552051807089,0.6342654431179021,0.0833261069445935,0.5308024160143234,0.7377284702214808,0.7065260162342716,0.0538102400084359,0.6397117784810927,0.7733402539874504,0.6032763518329431,0.0504496898140402,0.5406347882703021,0.6659179153955842,41.2,71.0,29.8,24.0
NC vs MCI,100,Before Scaling,SVM (RBF),0.6831325301204819,0.0326081171149984,0.6426442050495762,0.7236208551913876,0.7382121844107525,0.0288393930448304,0.7024033483369384,0.7740210204845667,0.6045507134031725,0.0531265212462259,0.5385854246219262,0.6705160021844188,0.7395928608605546,0.0903058292281456,0.6274633638800288,0.8517223578410805,0.5987708914092235,0.0277302555623693,0.5643392314164397,0.6332025514020072,39.2,74.2,26.6,26.0
NC vs MCI,100,Before Scaling,SVM (Poly d2),0.608433734939759,0.0425967940473823,0.5555428293322239,0.6613246405472942,0.3646267298501722,0.0318847229660331,0.325036617250548,0.4042168424497964,0.0066120218579234,0.0090543991181285,-0.0046304995524246,0.0178545432682716,0.998095238095238,0.0042591770999995,0.9928067712281948,1.0033837049622816,0.0129065833983866,0.0176768980639309,-0.0090421845275142,0.0348553513242876,0.4,100.6,0.2,64.8
NC vs MCI,100,Before Scaling,SVM (Sigmoid),0.7000000000000001,0.0167161890668814,0.6792441098484859,0.7207558901515142,0.7294002548887679,0.0297365345773522,0.6924774704727282,0.7663230393048076,0.4931302395236822,0.0597225345235895,0.4189749185242595,0.5672855605231049,0.837585702190206,0.0556889186055757,0.7684387768587627,0.9067326275216492,0.561202476180205,0.0342675980614211,0.5186536333624212,0.6037513189979888,32.0,84.2,16.6,33.2
NC vs MCI,100,After Scaling,LR (L1),0.6927710843373495,0.0620218683191988,0.6157607633440655,0.7697814053306334,0.7581364930733553,0.0408442046524341,0.7074217146211611,0.8088512715255495,0.676413895758158,0.0562256440340102,0.6066005377853071,0.746227253731009,0.7063383690708427,0.0924806628003875,0.5915084595415792,0.8211682786001062,0.6340623247616759,0.0625933719590889,0.556342388273898,0.7117822612494538,44.0,71.0,29.8,21.2
NC vs MCI,100,After Scaling,LR (L2),0.6879518072289156,0.0471267643749589,0.6294362005526972,0.7464674139051339,0.7351417258950761,0.0436522477975408,0.6809403013641999,0.7893431504259523,0.6651232192215799,0.0555107456688868,0.5961975248110774,0.7340489136320825,0.7062673272926011,0.0683519997221601,0.621397110032361,0.7911375445528412,0.6255475676631621,0.0513632980414093,0.561771609656134,0.6893235256701902,43.2,71.0,29.8,22.0
NC vs MCI,100,After Scaling,LR (ElasticNet),0.6987951807228916,0.0609893275039656,0.6230669284865586,0.7745234329592245,0.7518352512797326,0.0443323239540537,0.6967894006692776,0.8068811018901876,0.6459501700485307,0.0588258710737175,0.5729082037733193,0.7189921363237421,0.7359369442907465,0.0829900887452512,0.6328911388880325,0.8389827496934605,0.6278011220476701,0.0655432173969117,0.5464184686794821,0.7091837754158582,42.0,74.0,26.8,23.2
NC vs MCI,100,After Scaling,SVM (Linear),0.6831325301204819,0.0284475155496809,0.6478102742241012,0.7184547860168626,0.7358332358865239,0.0369059150488772,0.6900084898495664,0.7816579819234815,0.6614638912999568,0.0273657417875104,0.6274848349382647,0.6954429476616488,0.6996755797247831,0.0470319411205705,0.6412777116697314,0.7580734477798349,0.6204624196478054,0.0291911567025438,0.5842168113043321,0.6567080279912786,43.0,70.4,30.4,22.2
NC vs MCI,100,After Scaling,SVM (RBF),0.6975903614457832,0.0554413270594869,0.628750861623378,0.7664298612681885,0.7466967479837298,0.0340526565432381,0.704414790310793,0.7889787056566665,0.620271404369765,0.0534227512363513,0.5539382974745918,0.6866045112649383,0.7489921671833525,0.0735307833388102,0.6576916407518305,0.8402926936148745,0.6178833321023615,0.0425725851877715,0.5650224857642426,0.6707441784404803,40.2,75.6,25.2,25.0
NC vs MCI,100,After Scaling,SVM (Poly d2),0.5265060240963856,0.0922100072690454,0.4120121777963043,0.6409998703964669,0.3703783436427225,0.0435006346267793,0.3163651717276345,0.4243915155578106,0.38,0.521536192416212,-0.2675727138834826,1.0275727138834827,0.6548427672955975,0.4752433646944356,0.0647501909692939,1.244935343621901,0.22,0.3012645524759134,-0.1540693487443111,0.5940693487443112,23.0,64.4,36.4,42.2
NC vs MCI,100,After Scaling,SVM (Sigmoid),0.6939759036144577,0.0263962678315742,0.6612006081610478,0.7267511990678677,0.7341041297729705,0.0374848506656397,0.6875605402234011,0.7806477193225398,0.4543988798087158,0.0587625389909491,0.3814355507006092,0.5273622089168225,0.8499074168476308,0.0358816100059013,0.8053545135057151,0.8944603201895466,0.5361741248770558,0.0502524653232893,0.4737774478641442,0.5985708018899675,29.6,85.6,15.2,35.6
NC vs AD,100,Before Scaling,LR (L1),0.8070402222103521,0.0293541568601252,0.7705922224395085,0.8434882219811957,0.8731147108652484,0.025013633934464,0.8420561821445763,0.9041732395859204,0.7779840078620566,0.0552144113980296,0.7094262610471115,0.8465417546770017,0.8357030960385383,0.025034141280668,0.804619104084386,0.8667870879926907,0.7931993963212057,0.0338783947531878,0.7511338132392369,0.8352649794031746,72.2,84.2,16.6,20.8
NC vs AD,100,Before Scaling,LR (L2),0.7936328187596817,0.0272649275543375,0.759778939801827,0.8274866977175365,0.8646441560771294,0.0229668975998324,0.8361269861769849,0.8931613259772739,0.7705999285267578,0.0533048894086937,0.7044131664197496,0.8367866906337661,0.8160445550897716,0.0238336214728333,0.7864512053601382,0.8456379048194049,0.7799352728196659,0.0357056342814762,0.7356008721993266,0.8242696734400052,71.6,82.2,18.6,21.4
NC vs AD,100,Before Scaling,LR (ElasticNet),0.7977511885048877,0.0297569369846709,0.7608030711542036,0.8346993058555717,0.8714565959098675,0.0245540372774964,0.8409687318118468,0.901944460007888,0.7799651567944251,0.0612695516655,0.7038889603052881,0.8560413532835621,0.815375037523232,0.0349367857296174,0.771995288469807,0.858754786576657,0.7856779850525187,0.0346015327807328,0.7427145075160153,0.8286414625890222,72.4,82.2,18.6,20.6
NC vs AD,100,Before Scaling,SVM (Linear),0.7905560600395278,0.0332201100209183,0.7493078454101854,0.8318042746688703,0.8630567352423885,0.0300340075461781,0.8257645893505188,0.9003488811342581,0.7607098186366479,0.0486887538478693,0.7002547458663435,0.8211648914069523,0.8193644284639158,0.0446240647904626,0.763956333760086,0.8747725231677456,0.7748114526741918,0.0444729341887582,0.7195910113975252,0.8300318939508584,70.8,82.4,18.4,22.2
NC vs AD,100,Before Scaling,SVM (RBF),0.8194487473959725,0.0492793782004356,0.7582603176306241,0.880637177161321,0.8926822154892653,0.0280161321669956,0.8578955928085883,0.9274688381699424,0.8051148038952917,0.058017235665419,0.7330768910942373,0.877152716696346,0.8368897404124306,0.0743271456221621,0.7446003996041431,0.929179081220718,0.8090051479926418,0.05572237171037,0.7398166851453473,0.8781936108399363,74.8,84.0,16.8,18.2
NC vs AD,100,Before Scaling,SVM (Poly d2),0.5613161690080658,0.0474510505786772,0.5023979078275763,0.6202344301885553,0.7451713967771666,0.0403730258606858,0.6950416640674033,0.7953011294869299,0.1166331635843831,0.1543022613114107,-0.0749583991274255,0.3082247262961918,0.9608080808080808,0.0778708612612446,0.8641186358708731,1.0574975257452888,0.1734159685532791,0.1939539900439012,-0.0674097181922047,0.4142416552987631,11.6,97.2,3.6,81.4
NC vs AD,100,Before Scaling,SVM (Sigmoid),0.7760643128038033,0.0255958536737747,0.7442828627937855,0.807845762813821,0.8619929351974971,0.0148481140168601,0.8435565665815371,0.8804293038134571,0.686060484231216,0.0519808545877221,0.6215177284937763,0.7506032399686557,0.8614619255875938,0.0208561182653114,0.8355656343952766,0.887358216779911,0.74499353406697,0.0261419594323044,0.7125340041973742,0.7774530639365658,63.6,86.8,14.0,29.4
NC vs AD,100,After Scaling,LR (L1),0.7905133272795256,0.0213445066581139,0.7640106218027249,0.8170160327563263,0.866225122425764,0.0249606029758142,0.8352324403372375,0.8972178045142905,0.7684266952559635,0.0429342293579867,0.7151168083715282,0.8217365821403988,0.8130548208321745,0.0636779246325888,0.7339882343355562,0.8921214073287929,0.77735090325969,0.02851848575724,0.7419405262116381,0.812761280307742,71.4,81.8,19.0,21.6
NC vs AD,100,After Scaling,LR (L2),0.7832861492441643,0.0227054735773538,0.7550935801409971,0.8114787183473314,0.8560474008278103,0.0197280965930607,0.8315517335351204,0.8805430681205002,0.7711069418386491,0.055269262197467,0.70248108876077,0.8397327949165283,0.7951958323121191,0.0637275356579783,0.7160676455913606,0.8743240190328776,0.7722921187480593,0.0234181620746373,0.7432146299958813,0.8013696075002372,71.6,80.2,20.6,21.4
NC vs AD,100,After Scaling,LR (ElasticNet),0.7884674963944234,0.0311592021690293,0.749778236848387,0.8271567559404598,0.8643747241161183,0.0231875303241192,0.8355836025054012,0.8931658457268353,0.7711404449209328,0.0632793230450456,0.6925687876651937,0.8497121021766719,0.806915760324182,0.0647326240527579,0.7265395915286134,0.8872919291197506,0.7759509923943296,0.037341723430601,0.7295851187796702,0.822316866008989,71.6,81.2,19.6,21.4
NC vs AD,100,After Scaling,SVM (Linear),0.7750173601837509,0.0265221514842263,0.7420857595308805,0.8079489608366213,0.8497806456747428,0.0209291734869941,0.8237936444437813,0.8757676469057042,0.7493455731260609,0.0662827847079619,0.6670446256534933,0.8316465205986284,0.8021096304880532,0.0766087320863565,0.7069873259083865,0.8972319350677198,0.7607466735590116,0.0207869152890566,0.7349363092108785,0.7865570379071447,69.4,80.8,20.0,23.6
NC vs AD,100,After Scaling,SVM (RBF),0.8184285027509215,0.0426643227689531,0.7654537491609672,0.8714032563408758,0.8895211402427654,0.0269106253245692,0.8561071856080973,0.9229350948774336,0.8136558563387831,0.0791549688523533,0.7153719812358754,0.9119397314416908,0.8249888103242528,0.0454021749015922,0.768614564308795,0.8813630563397105,0.8086750337427521,0.0504979770283373,0.7459735136845448,0.8713765538009594,75.6,83.0,17.8,17.4
NC vs AD,100,After Scaling,SVM (Poly d2),0.6521446503926073,0.067047791618938,0.5688938213803036,0.7353954794049109,0.7389352559445675,0.0379504440749388,0.6918135558208705,0.7860569560682646,0.460638345394443,0.0998968419518286,0.3366000332086056,0.5846766575802803,0.8386494808295835,0.0487469635010674,0.7781221312285549,0.899176830430612,0.5563910367715816,0.0740601841507182,0.4644331724112936,0.6483489011318696,42.0,84.4,16.4,51.0
NC vs AD,100,After Scaling,SVM (Sigmoid),0.7760429464238021,0.011080922857629,0.7622841634446109,0.7898017294029933,0.855600738537226,0.0131647821622455,0.8392545024821706,0.8719469745922813,0.7011368712588225,0.0668403852104671,0.6181435713169139,0.7841301712007311,0.8484678975073872,0.0728022024166212,0.7580720237767253,0.938863771238049,0.7485790074509729,0.0145898362492611,0.7304633330405771,0.7666946818613688,65.0,85.4,15.4,28.0
MCI vs AD,100,Before Scaling,LR (L1),0.6953268051906695,0.0215522119363788,0.6685661995476103,0.7220874108337286,0.7484324731499926,0.0183888651250827,0.7255996813563526,0.7712652649436327,0.6952536895471678,0.0374702588399438,0.6487282181422331,0.7417791609521025,0.6975348926282117,0.0611716397805003,0.6215802698016751,0.7734895154547482,0.7282587192415743,0.0189066632636813,0.7047829961408995,0.7517344423422491,64.6,45.4,19.8,28.4
MCI vs AD,100,Before Scaling,LR (L2),0.6940769047050395,0.023599699689049,0.6647740072327266,0.7233798021773523,0.7525270408845403,0.0306493144312844,0.7144708905855872,0.7905831911834933,0.6737991718426501,0.0324904547348041,0.6334569439131748,0.7141413997721255,0.7249338871248299,0.0613887383261154,0.6487097008501406,0.8011580733995192,0.7213388458721411,0.0185837350328493,0.698264091129694,0.7444136006145883,62.6,47.2,18.0,30.4
MCI vs AD,100,Before Scaling,LR (ElasticNet),0.7041477589363904,0.0364145432023714,0.65893313163097,0.7493623862418107,0.7563150851301774,0.0175859966240541,0.7344791862495564,0.7781509840107984,0.6990997770345597,0.0496333086658807,0.6374718845524006,0.7607276695167189,0.7127501962983003,0.0554091384348282,0.6439506639322854,0.7815497286643152,0.7347574914499956,0.037005084621114,0.6888096101254744,0.7807053727745168,65.0,46.4,18.8,28.0
MCI vs AD,100,Before Scaling,SVM (Linear),0.6953108828914896,0.0289309287899102,0.6593883901784611,0.7312333756045181,0.7437410091321215,0.0311513313834348,0.7050615224571953,0.7824204958070476,0.68852033232468,0.0453327357034481,0.632232306461622,0.744808358187738,0.7068385554423108,0.0773102352202103,0.6108452196767108,0.8028318912079108,0.7261995622075901,0.0270415425723529,0.692623052339605,0.7597760720755752,64.0,46.0,19.2,29.0
MCI vs AD,100,Before Scaling,SVM (RBF),0.7168298702332617,0.0562160429440821,0.647028433588118,0.7866313068784054,0.7687857399970444,0.0415501837915912,0.7171943726642758,0.820377107329813,0.723925983436853,0.0670607658059283,0.6406590448436577,0.8071929220300483,0.7088280800422181,0.0693137588008434,0.6227636811590314,0.7948924789254048,0.7499873694437696,0.0495891978415515,0.6884142477841112,0.8115604911034281,67.2,46.2,19.0,25.8
MCI vs AD,100,Before Scaling,SVM (Poly d2),0.580240426717618,0.0284375701204496,0.5449305197026605,0.6155503337325755,0.6268230729803028,0.0367157131024418,0.5812344938526225,0.6724116521079831,0.6638241227371663,0.0730853491139404,0.5730766759462329,0.7545715695280997,0.4654204355470323,0.086207423708389,0.3583797811504278,0.5724610899436368,0.6489582773598555,0.0324144239746509,0.6087104540880183,0.6892061006316926,61.6,30.2,35.0,31.4
MCI vs AD,100,Before Scaling,SVM (Sigmoid),0.6814266380065281,0.0293876485338047,0.6449370528302371,0.7179162231828192,0.7500875362047303,0.0383118561952039,0.7025170836627856,0.797657988746675,0.7206522402718054,0.0364166026598561,0.6754350558121706,0.7658694247314403,0.6257259154664915,0.1154891611131613,0.4823271819295246,0.7691246490034583,0.7270928114984416,0.0097845355466168,0.7149437059710624,0.7392419170258209,67.0,40.8,24.4,26.0
MCI vs AD,100,After Scaling,LR (L1),0.7156038531964015,0.0315674589611374,0.6764076758895823,0.7548000305032208,0.7780547366442375,0.0369055283213778,0.7322304707928933,0.8238790024955818,0.6958032064553804,0.0546812342853206,0.6279074864659524,0.7636989264448084,0.7462011819215364,0.0598479339002879,0.6718901570306701,0.8205122068124027,0.741533859340205,0.0304065272311481,0.7037791691668859,0.7792885495135241,64.6,48.6,16.6,28.4
MCI vs AD,100,After Scaling,LR (L2),0.7029297030491203,0.0253544648102449,0.6714479769005148,0.7344114291977257,0.7680240509559567,0.032887793547635,0.7271884617275001,0.8088596401844134,0.6758830360460796,0.0320358843629347,0.6361052317820045,0.7156608403101546,0.7430744472107864,0.0529162636408735,0.6773702277284548,0.808778666693118,0.7277861169680524,0.0217036086342908,0.7008375274957491,0.7547347064403557,62.8,48.4,16.8,30.2
MCI vs AD,100,After Scaling,LR (ElasticNet),0.7193774381020619,0.0290796368480798,0.6832702999469615,0.7554845762571623,0.7779421723267879,0.0347785082005167,0.7347589507829717,0.821125393870604,0.7192510086531826,0.0489665421089827,0.65845101619993,0.7800510011064352,0.7216469322150593,0.0541753932650973,0.6543792968092571,0.7889145676208614,0.7504630236288484,0.0269032378515602,0.7170582417534532,0.7838678055042436,66.8,47.0,18.2,26.2
MCI vs AD,100,After Scaling,SVM (Linear),0.6940689435554493,0.0405597972722718,0.6437073035080261,0.7444305836028726,0.761802663641747,0.0425211992011514,0.7090056214332264,0.8145997058502675,0.6780695572543399,0.0529588806803812,0.6123124217283415,0.7438266927803383,0.7188560307623437,0.051207896680207,0.6552730290307925,0.7824390324938949,0.7221393194651008,0.0395273129279792,0.6730596780566946,0.7712189608735069,63.0,46.8,18.4,30.0
MCI vs AD,100,After Scaling,SVM (RBF),0.7243850011941725,0.0306980137133009,0.6862683827500012,0.7625016196383437,0.7744920470888182,0.0357031683852717,0.7301607082830194,0.8188233858946171,0.715133182035356,0.0553606554037074,0.6463938493036078,0.7838725147671043,0.7405096673413534,0.0517935331133908,0.6761995019346813,0.8048198327480255,0.7525640936610344,0.0297059967293975,0.7156792269913826,0.7894489603306861,66.4,48.2,17.0,26.6
MCI vs AD,100,After Scaling,SVM (Poly d2),0.5878433245760688,0.0169441244704516,0.5668044152400254,0.6088822339121122,0.37630329164337,0.0435022449407728,0.3222881202593705,0.4303184630273695,1.0,0.0,1.0,1.0,0.0,0.0,0.0,0.0,0.7403153669347263,0.0134145276209732,0.7236590309348538,0.7569717029345988,93.0,0.0,65.2,0.0
MCI vs AD,100,After Scaling,SVM (Sigmoid),0.7092508558235808,0.0135104426352708,0.6924754256035678,0.7260262860435939,0.7627613311458182,0.0360679095485284,0.7179771063689406,0.8075455559226958,0.78440535913362,0.0807687880205318,0.6841176628699739,0.8846930553972661,0.6069319955991909,0.0963265261453753,0.4873268160124445,0.7265371751859372,0.7589954078974314,0.0234116596712617,0.7299259929454266,0.7880648228494361,72.8,39.4,25.8,20.2
